ccaa,anyo,ipv_indice,ipv_nueva,ipv_segunda,salario_medio,ipc_medio,ipv_idx15,salario_idx,ipc_idx15,ratio_asequibilidad,ratio_real
Andalucía,2008,75.0905,55.1205,83.4235,18755.255,73.17125,134.5340207201437,95.0048540209859,93.1863599845902,1.4160752322236723,1.5196164250410062
Andalucía,2009,72.6505,54.917500000000004,78.185,19386.205,72.832,130.16245560129175,98.20093494041573,92.75431225238974,1.325470635083759,1.4290124123577979
Andalucía,2010,71.50375,53.90675,77.2225,19265.085,74.13633333333334,128.1079095766838,97.58740087121636,94.41543018518304,1.3127505029644615,1.3903982647642232
Andalucía,2011,67.24375,51.78975,70.95675,19772.27,76.5245,120.47558686918002,100.15654945845944,97.45685094406304,1.2028727778720854,1.234261897670482
Andalucía,2012,59.313,46.637,61.4645,19400.870000000003,78.17783333333333,106.26665651412472,98.27522058378437,99.562433603571,1.081316896394318,1.0860691701247593
Andalucía,2013,54.09775,42.523250000000004,56.10025,19252.225,79.173,96.92288397884091,97.52225846591662,100.82981606928895,0.9938539724519897,0.9856746855206261
Andalucía,2014,54.183499999999995,43.16675,56.0165,19437.165,78.95391666666666,97.07651582676777,98.45907311880411,100.55080514127248,0.9859580509114879,0.9805570920354447
Andalucía,2015,55.81525,45.5155,57.51125,19741.364999999998,78.52141666666667,100.0,100.0,100.0,1.0,1.0
Andalucía,2016,57.400999999999996,48.73975,58.8145,19660.16,78.37725,102.84106942099157,99.58865559701673,99.8163982862425,1.032658477057223,1.0345579431706986
Andalucía,2017,59.22025,50.72075,60.6345,19828.11,79.90225000000001,106.10048329085689,100.43940730542191,101.75854358205882,1.0563630962916821,1.038107523069867
Andalucía,2018,62.16175,53.570750000000004,63.610749999999996,20061.555,81.1605,111.37054837163679,101.62192431982288,103.36097264334465,1.0959303232748594,1.0602941277037468
Andalucía,2019,65.5035,57.6685,66.8715,20366.410000000003,81.55991666666667,117.35771137816278,103.16616910735405,103.86964490579533,1.137560039241557,1.0951804449444957
Andalucía,2020,67.03225,61.91225,67.969,20545.254999999997,81.39125,120.0966581713779,104.07210950205317,103.6548415135149,1.153975438241776,1.1132865782167218
Andalucía,2021,70.10275,66.01125,70.91675000000001,21338.6,83.94658333333334,125.59784288344136,108.09080324486176,106.90915535782702,1.161966042558869,1.0868723437854748
Andalucía,2022,76.34725,72.39349999999999,77.12275,21988.96,91.229,136.78564550010972,111.38520563294382,116.18358897837851,1.2280414146818557,1.0569835425813807
Andalucía,2023,80.13275,77.63425000000001,80.53825,22957.64,94.80266666666667,143.5678421220007,116.29205984489927,120.73478891639967,1.2345455254080082,1.022526760089707
Andalucía,2024,88.451,88.5385,88.43549999999999,23823.550000000003,97.37008333333333,158.47102718343106,120.67833202010097,124.00449134365677,1.3131688558392993,1.0589687854128456
Aragón,2008,99.633,86.747,107.7535,20339.690000000002,73.41108333333332,171.54885198481367,97.04867800174968,93.14068696745323,1.767657793151194,1.8978363277145234
Aragón,2009,90.873,82.0185,94.574,20773.495000000003,73.118,156.46581781554278,99.11853264361241,92.76883599119905,1.5785727819249153,1.7016196927108949
Aragón,2010,85.935,76.382,91.33675,20934.55,74.4305,147.9635321160154,99.88698952941408,94.43407707052901,1.4813093558340151,1.5686173908680072
Aragón,2011,78.885,71.957,81.61525,20990.14,76.78766666666667,135.82478886334874,100.15223133054857,97.42474431941332,1.356183352671038,1.3920317288436532
Aragón,2012,67.52275,62.652,68.96475,20599.300000000003,78.602,116.261180987801,98.2873796386003,99.7266890038052,1.1828698802968378,1.1861116538740235
Aragón,2013,58.945,54.21625,60.418,20574.855,79.632,101.49194624516818,98.1707429084558,101.03350676510796,1.0338308872716733,1.023255472736603
Aragón,2014,57.5885,53.27225,58.902,20817.825,79.39025,99.15631429875083,99.33004854654985,100.72678521773422,0.9982509396668864,0.9910481482249587
Aragón,2015,58.0785,54.08125,59.29875,20958.235,78.81741666666667,100.0,100.0,100.0,1.0,1.0
Aragón,2016,59.179500000000004,56.301,60.15325,20833.285,78.61866666666667,101.89571011648029,99.40381430020227,99.74783492227289,1.0250684124529912,1.0276598116157223
Aragón,2017,60.859,58.113,61.842749999999995,21619.165,80.04083333333334,104.78748590270067,103.15355753955427,101.5522161451202,1.0158397674507722,1.0003127514215113
Aragón,2018,63.79175,59.6965,65.0555,22195.805,81.37691666666666,109.8371170054323,105.90493426569556,103.24737869908193,1.0371293629234652,1.0045091468580667
Aragón,2019,67.669,63.87875,68.84875,22084.905,81.93491666666667,116.51299534251056,105.37578665379026,103.95534404937993,1.1056903966497669,1.063620544725966
Aragón,2020,69.3965,66.4465,70.30825,22660.585,81.53591666666667,119.48741789130229,108.12258284154174,103.44911076126363,1.1051106508102586,1.0682650074785038
Aragón,2021,72.02825,68.59049999999999,73.095,23615.915,84.33375000000001,124.01878492040946,112.68083882063542,106.99887609443344,1.1006200008665334,1.0286276277286923
Aragón,2022,76.64025000000001,73.80199999999999,77.494,24373.445,91.90541666666667,131.9597613574731,116.29531303566354,116.60546685430144,1.13469543967783,0.9731065534822927
Aragón,2023,79.63325,80.84725,79.3945,25249.07,94.63641666666666,137.1131313653073,120.47326504354969,120.07043705441582,1.1381208213767802,0.9478776369082298
Aragón,2024,87.72,91.03625,86.963,26499.07,97.30275,151.0369585991374,126.43750773860489,123.45336109087563,1.1945581758174881,0.96761899818844
"Asturias, Principado de",2008,90.939,76.05525,98.17275000000001,20251.6,73.52158333333333,145.64746487501552,94.66505242393502,92.66248722588828,1.5385557937766499,1.6603868942412807
"Asturias, Principado de",2009,90.09625,76.668,95.2575,20900.15,73.19508333333333,144.29772052964753,97.69666571619557,92.25098490633017,1.476997392611391,1.6010640906556228
"Asturias, Principado de",2010,88.7835,74.9125,95.0655,20648.595,74.62975,142.19522644553976,96.52078493331899,94.05915844729819,1.4732083513802212,1.5662572105678227
"Asturias, Principado de",2011,83.68325,71.595,87.366,20781.61,77.28108333333333,134.0266905838215,97.14255664262443,97.40075053485849,1.379690788630253,1.416509401677022
"Asturias, Principado de",2012,71.51400000000001,61.65475,73.74425,20267.68,79.03591666666667,114.5364783324191,94.74021754881292,99.61244421664894,1.2089530855616473,1.2136566822236314
"Asturias, Principado de",2013,62.914249999999996,54.0605,64.7945,20526.185,80.11958333333334,100.76316010746703,95.94858574573807,100.97823700979183,1.0501786902256953,1.0400049766405208
"Asturias, Principado de",2014,61.50775,54.003,62.7325,20629.03,79.85691666666666,98.5105164744085,96.42932935693617,100.647186649596,1.021582511579737,1.0150134798465702
"Asturias, Principado de",2015,62.43775,55.7395,63.491749999999996,21392.9,79.34341666666667,100.0,100.0,100.0,1.0,1.0
"Asturias, Principado de",2016,63.323,58.176249999999996,64.015,21588.54,79.2575,101.41781214089232,100.91450901934753,99.89171544373036,1.0049874208023772,1.0060768466515053
"Asturias, Principado de",2017,64.021,58.88125,64.7675,21892.26,80.66875,102.53572558268034,102.33423238551107,101.67037592910985,1.0019689715989681,0.9855072949642634
"Asturias, Principado de",2018,66.261,62.0845,66.8555,22402.370000000003,81.90716666666665,106.12329880561039,104.71871508771602,103.23120695793915,1.0134129197127546,0.9816924063724866
"Asturias, Principado de",2019,69.03125,65.77725,69.487,23212.48,82.29266666666666,110.5601178774059,108.50553220928438,103.71706957414024,1.0189353079634562,0.9824181421121708
"Asturias, Principado de",2020,71.224,70.0165,71.388,22929.845,81.87575,114.07201572766475,107.18436958056176,103.19161115026345,1.0642597999508323,1.0313433311949167
"Asturias, Principado de",2021,74.1805,71.905,74.53425,23510.955,84.35675,118.80713190337576,109.9007380953494,106.31852464130085,1.0810403457008562,1.016793968264785
"Asturias, Principado de",2022,78.78475,76.94725,79.038,24873.725,91.4475,126.18127655144522,116.27093568426908,115.25530893657422,1.0852348939040746,0.9415921087863177
"Asturias, Principado de",2023,81.7315,84.2005,81.321,25990.095,94.54433333333333,130.90077717406535,121.48934927008493,119.15838428098948,1.0774671027585943,0.9042310444708617
"Asturias, Principado de",2024,88.09725,90.45925,87.689,26379.475,97.24616666666665,141.09613174722023,123.30948585745736,122.5636237411001,1.144243938461667,0.9335917979046827
"Balears, Illes",2008,70.48275,52.81075,76.22275,18600.705,71.9365,137.52597535633797,92.99092472969915,91.89796283363708,1.4789182466578414,1.6093047125920819
"Balears, Illes",2009,64.71799999999999,51.292500000000004,67.48625,19147.190000000002,71.81358333333333,126.27779241178133,95.72297953627286,91.74093835698103,1.3192003949681712,1.4379626136315693
"Balears, Illes",2010,63.41175,49.85325,66.50375,20010.01,73.0365,123.72903678988497,100.03649505492005,93.30319882811835,1.2368389828327924,1.32561262461245
"Balears, Illes",2011,59.95225,48.344,61.787,19877.085,75.12283333333333,116.97885874284152,99.37196009940654,95.96846309765112,1.1771817585747726,1.2266339593007243
"Balears, Illes",2012,51.65475,41.98475,53.09025,19524.525,77.00025,100.78877279246056,97.60939892644548,98.36683898550477,1.0325724151668112,1.0497159671044933
"Balears, Illes",2013,47.96025,39.281,49.0735,19403.41,78.19825,93.58006263353528,97.00390597074097,99.89726873222163,0.9647040672956158,0.9656961391822845
"Balears, Illes",2014,48.16875,39.9625,49.09525,20018.215,78.35875,93.98688793280066,100.07751449678568,100.10230543868911,0.9391409089783036,0.9381810986895908
"Balears, Illes",2015,51.2505,43.088499999999996,52.1985,20002.71,78.27866666666667,100.0,100.0,100.0,1.0,1.0
"Balears, Illes",2016,54.41525,45.04075,55.531,20162.78,78.17075,106.17506170671506,100.80024156726763,99.8621378323596,1.053321500582522,1.0547756371396255
"Balears, Illes",2017,58.747,48.28125,60.01,20650.239999999998,79.83466666666666,114.62717436903054,103.23721135786101,101.9877701885571,1.1103280770698796,1.0886874720538373
"Balears, Illes",2018,63.13275,51.473,64.53575000000001,21461.025,81.02266666666667,123.18465185705504,107.2905871254445,103.50542506259688,1.1481403463010893,1.1092562014085054
"Balears, Illes",2019,66.9315,55.511,68.328,21801.120000000003,81.41283333333334,130.59677466561303,108.99083174229894,104.0038580115485,1.1982363339918334,1.1521075822579412
"Balears, Illes",2020,69.6485,61.375,70.754,22061.285,81.16933333333333,135.89818635915748,110.29148050439166,103.69278986186103,1.2321730176951082,1.1882918950648376
"Balears, Illes",2021,73.69924999999999,65.8765,74.857,22485.96,83.86183333333334,143.80201168769082,112.41456782605957,107.13242433017085,1.2792115334215173,1.1940470323710046
"Balears, Illes",2022,80.48025000000001,72.3635,81.69425,25140.0,90.67375,157.03310211607692,125.68296995757076,115.83456114054063,1.249438186964309,1.0786402388561573
"Balears, Illes",2023,83.76525000000001,79.09,84.45225,25535.184999999998,94.19983333333333,163.44279568004214,127.65862725600681,120.3390877037592,1.2803113991839634,1.0639198149280704
"Balears, Illes",2024,89.3005,88.17725,89.42525,27018.535,96.97216666666668,174.24317811533547,135.07437242253675,123.88070823894124,1.289979549712596,1.0413078582215418
Canarias,2008,80.09525000000001,65.3895,84.65575,17096.135000000002,76.56183333333334,139.7822862129145,92.70788002623523,96.08965308064803,1.507771358522682,1.569129776394561
Canarias,2009,77.03450000000001,64.81450000000001,78.8425,17577.87,75.78825,134.44066317626528,95.32020325510761,95.11876000125508,1.4104109998219232,1.482789514711202
Canarias,2010,75.125,62.873999999999995,77.31675,17606.485,76.51983333333334,131.108202443281,95.47537493496104,96.03694058339349,1.3732148476253008,1.4298819176073942
Canarias,2011,70.82900000000001,59.964,72.22525,18002.32,78.51075,123.61082024432811,97.62188487362172,98.53565937686298,1.2662203808536463,1.285037710064754
Canarias,2012,61.4105,52.610749999999996,62.265,17931.11,80.10341666666666,107.17364746945898,97.23573162104925,100.534550741008,1.1022043613261445,1.096343847167117
Canarias,2013,56.127250000000004,47.16675,57.138,17786.67,80.69183333333334,97.95331588132636,96.45247118288648,101.27304864401285,1.015560458742359,1.0027943982531602
Canarias,2014,55.41525,47.07575,56.286500000000004,17972.98,80.31733333333334,96.7107329842932,97.46278170790796,100.80302887682639,0.9922837342579794,0.9843788875337014
Canarias,2015,57.3,49.59,58.05625,18440.864999999998,79.6775,100.0,100.0,100.0,1.0,1.0
Canarias,2016,59.21625,53.06625,59.73375,18291.36,79.49041666666666,103.34424083769633,99.18927338820605,99.76519929298317,1.0418892820519878,1.0443414030500189
Canarias,2017,61.82025,55.278999999999996,62.39275,18704.29,80.91908333333333,107.88874345549738,101.42848505208406,101.55826090594375,1.0636927427250435,1.0473719550102993
Canarias,2018,64.9075,57.793,65.5325,19088.504999999997,82.16741666666667,113.27661431064573,103.51198276219688,103.124993463232,1.094333344680312,1.0611717954391762
Canarias,2019,67.37725,60.84175,67.94775,19120.155,82.43766666666667,117.58682373472949,103.68361245527258,103.46417328187592,1.1340926589093772,1.0961211238016426
Canarias,2020,68.16425,64.27675,68.50725,19666.595,82.88675,118.96029668411867,106.64681401875673,104.0277995670045,1.1154603893107982,1.0722714447039015
Canarias,2021,72.07875,67.34475,72.499,20322.965,84.72683333333333,125.79188481675394,110.20613729345128,106.33721355882568,1.141423589521169,1.0733999428052854
Canarias,2022,78.6385,73.78275000000001,79.06825,21155.535,91.12008333333333,137.23996509598604,114.72094720068718,114.361122441509,1.1962938630196733,1.046066912845778
Canarias,2023,82.80449999999999,81.374,82.91275,21918.77,95.30366666666669,144.5104712041885,118.85977149119633,119.61176827418869,1.2158064027145807,1.016460520780498
Canarias,2024,89.44225,89.83875,89.3845,22876.11,97.94266666666667,156.09467713787086,124.05117655814955,122.9238701850167,1.2583087195847817,1.0236487979843627
Cantabria,2008,88.0775,75.02074999999999,92.83825,19001.260000000002,72.60225,153.98029737502293,93.33075626545535,91.91690176210803,1.6498344547542885,1.7949195666149171
Cantabria,2009,82.08675,71.1365,84.76375,19436.025,72.35991666666666,143.50704976355098,95.4662433988218,91.61009957355762,1.5032229681860727,1.6408921889437216
Cantabria,2010,77.1555,65.59425,83.135,19614.275,73.72233333333334,134.88605868829816,96.34177519536148,93.33496511021879,1.400078609873824,1.5000579988651395
Cantabria,2011,70.01175,60.03825,74.22999999999999,19477.364999999998,76.23316666666668,122.39709443099272,95.6692980101483,96.51376495238658,1.279376947220928,1.3255901350984356
Cantabria,2012,60.122,51.97575,63.109750000000005,18737.78,78.21166666666667,105.1074728367759,92.03659010695732,99.01861280677582,1.1420183289562191,1.153337030871908
Cantabria,2013,54.661500000000004,48.1915,56.30675,18842.165,79.87083333333334,95.56122761164674,92.54931036828576,101.1191738707506,1.0325439188187953,1.0211158569576344
Cantabria,2014,55.60525,50.5455,56.46625,19857.285000000003,79.67466666666667,97.21112577687256,97.53539641206335,100.87082024219225,0.9966753543111588,0.9880710317593605
Cantabria,2015,57.200500000000005,52.799,57.8865,20359.055,78.98683333333334,100.0,100.0,100.0,1.0,1.0
Cantabria,2016,58.65775,54.9005,59.157,20326.705,78.7095,102.54761759075531,99.84110264449897,99.64888662878413,1.0271082237131668,1.0307272448907432
Cantabria,2017,61.0235,56.331,61.7655,20741.43,80.26708333333333,106.6835080112936,101.8781569183835,101.62083976021319,1.0471676288447165,1.030465435353257
Cantabria,2018,64.60125000000001,58.42425,65.624,20732.82,81.64341666666667,112.9382610291868,101.83586615390547,103.3633242671247,1.109022442628437,1.0729361216773172
Cantabria,2019,66.59475,61.31125,67.46225000000001,21730.835,82.20441666666667,116.42337042508369,106.73793552795058,104.07356922356259,1.0907403244144334,1.0480473885462613
Cantabria,2020,67.399,64.75425,67.83525,21790.58,81.9205,117.82938960323773,107.03139217414561,103.71412112989296,1.100886265326001,1.0614622708389307
Cantabria,2021,71.1015,67.6405,71.6855,22671.28,84.58716666666666,124.30223512032235,111.35723146285521,107.09021123773792,1.1162475349594618,1.0423432002402317
Cantabria,2022,77.98875,73.8995,78.6745,23468.190000000002,91.57933333333332,136.34277672397965,115.27150940944952,115.94253050613918,1.1827968369849662,1.0201578590889362
Cantabria,2023,82.00150000000001,82.4375,81.9755,24598.46,95.04816666666666,143.3580126047849,120.82319144970137,120.33419071955029,1.186510726001347,0.9860129684726243
Cantabria,2024,89.41175,93.158,88.86825,25171.975,97.52558333333334,156.31288188040313,123.64019351585817,123.47068393255415,1.2642562053281996,1.0239322931253863
Castilla - La Mancha,2008,104.496,84.5575,113.627,18158.85,72.73841666666667,149.22191004216216,94.54673916750384,93.58743562828826,1.5782872191688493,1.6864306715673993
Castilla - La Mancha,2009,101.37825,83.34475,106.51375,18649.39,71.90141666666666,144.7697146467982,97.10080825399487,92.51052624242897,1.4909218290759405,1.611623984463019
Castilla - La Mancha,2010,100.23475,81.94125,107.03875,18870.925,73.31791666666666,143.1367788967866,98.25426300809399,94.33303776580972,1.4567996798774552,1.5443154533983012
Castilla - La Mancha,2011,93.7985,77.62575,97.0985,19257.72,75.99741666666667,133.94571398991107,100.26816840278003,97.78056309365915,1.3358747459298088,1.366196617880223
Castilla - La Mancha,2012,82.9425,69.206,84.17325,18918.57,77.82000000000001,118.44317747733919,98.50233374977839,100.12555365301088,1.2024403175889797,1.2009325029613167
Castilla - La Mancha,2013,70.39150000000001,57.70625,72.75450000000001,19036.91,78.83575,100.5201546540811,99.11848846844627,101.43244816757068,1.0141413192159507,0.9998194241950529
Castilla - La Mancha,2014,68.5185,54.908500000000004,71.73475,19278.93,78.49341666666666,97.84548158038479,100.37860140584702,100.99199179987754,0.9747643442926603,0.9651897412066313
Castilla - La Mancha,2015,70.02725,57.418,72.861,19206.215,77.72241666666667,100.00000000000001,100.0,100.0,1.0000000000000002,1.0000000000000002
Castilla - La Mancha,2016,70.61375,60.36275,72.67575,19350.245,77.33983333333333,100.8375311039631,100.74991350456088,99.50775677115888,1.0008696543386935,1.0058207388198137
Castilla - La Mancha,2017,71.13525,61.315,73.12525,19384.254999999997,78.92325,101.58224119896184,100.92699160141652,101.54502830050103,1.0064923127812335,0.9911783271188152
Castilla - La Mancha,2018,72.81075,65.50675,74.28,20145.025,80.38933333333333,103.97488120695873,104.88805316404091,103.43133523254228,0.9912938420579318,0.9584076622710407
Castilla - La Mancha,2019,75.37950000000001,72.27074999999999,75.988,20263.91,80.87133333333334,107.6430960804544,105.50704550584278,104.0514909362271,1.0202455728370607,0.9805198980400643
Castilla - La Mancha,2020,76.35,73.72925000000001,76.8565,20785.004999999997,80.41158333333334,109.02898514506853,108.22020372051442,103.45996275205887,1.0074734790431816,0.9737810185159117
Castilla - La Mancha,2021,78.199,74.64975,78.881,21453.03,83.37875000000001,111.66938584622416,111.69837471880845,107.27760866931355,0.9997404718496821,0.9319190502571809
Castilla - La Mancha,2022,82.831,79.3515,83.49825,22114.645,91.81633333333333,118.28395374657724,115.14317110372868,118.13365727819836,1.027277194233422,0.8695889197895905
Castilla - La Mancha,2023,84.2205,83.03775,84.42325,22978.480000000003,95.094,120.2681813151309,119.6408558375505,122.35080183859436,1.0052434051327097,0.8216075334421025
Castilla - La Mancha,2024,89.65675,88.64025000000001,89.844,24053.785,97.68066666666667,128.0312306994777,125.23959041383219,125.67888500636344,1.0222903977601734,0.8134145984095994
Castilla y León,2008,96.09575000000001,77.76175,106.22375,18732.6,72.28266666666666,152.9992198446058,94.42401031110234,92.56308412710945,1.6203423190829696,1.750527582743336
Castilla y León,2009,93.5185,77.3245,99.509,19307.165,71.76683333333334,148.89584129410267,97.32017696625958,91.90252293822738,1.5299585957979105,1.664762344801217
Castilla y León,2010,90.94025,74.84925,97.7305,19315.32,73.12766666666667,144.7908705897338,97.36128326245375,93.64516659161097,1.4871503922090425,1.5880695676420167
Castilla y León,2011,85.2935,71.64325,88.79575,19500.315,75.65491666666667,135.80037574831232,98.29377366888437,96.88148956014521,1.3815765808908091,1.4260480378278138
Castilla y León,2012,74.02250000000001,63.34325,75.3255,19017.35,77.7675,117.85520952744875,95.85932825607988,99.58680243564596,1.2294599980150995,1.234561174719501
Castilla y León,2013,63.5715,54.28475,64.67399999999999,18999.260000000002,78.95808333333333,101.21560947649981,95.76814335134016,101.11142888242438,1.0568818182594892,1.0452644472945443
Castilla y León,2014,62.03825,52.39275,63.69525,19106.260000000002,78.81033333333333,98.77443956183926,96.3074902174072,100.9222245225071,1.0256153424709034,1.0162432975723563
Castilla y León,2015,62.808,53.810249999999996,64.281,19838.809999999998,78.09016666666668,100.0,100.0,100.0,1.0,1.0
Castilla y León,2016,63.4715,55.37925,64.7265,20073.205,77.79016666666666,101.05639408992485,101.18149727730648,99.61582871082786,0.9987635764369175,1.0026153367013606
Castilla y León,2017,64.51025,56.3945,65.794,20259.675000000003,79.44749999999999,102.71024391797224,102.12142260548896,101.73816165500989,1.005765894143073,0.9885827282328785
Castilla y León,2018,67.155,60.49325,68.23125,20546.205,80.82341666666667,106.92109285441344,103.5657128628179,103.5001205870991,1.0323985602845225,0.9974853695129
Castilla y León,2019,70.39750000000001,65.59025,71.21225,20607.025,81.50191666666667,112.08365176410648,103.87228367024034,104.36898798611007,1.079052542254048,1.0338823467346963
Castilla y León,2020,72.053,69.23899999999999,72.576,21330.94,81.05125,114.71946248885492,107.52126765667902,103.79187733837591,1.066946707279904,1.0279674427715666
Castilla y León,2021,74.61574999999999,71.95975,75.12774999999999,21954.095,83.89966666666666,118.79975480830467,110.6623582765297,107.43947701481832,1.073533554304353,0.999198417688024
Castilla y León,2022,79.13024999999999,76.711,79.6055,22432.195,91.83291666666666,125.98753343523117,113.07228104911535,117.59856661423439,1.114221206703222,0.947478560991537
Castilla y León,2023,81.36,82.34975,81.1575,23496.54,94.9885,129.5376385173863,118.43724497588315,121.63951500509025,1.0937238412102839,0.8991517609754649
Castilla y León,2024,87.74675,88.259,87.63925,24372.12,97.46833333333333,139.70632721946248,122.85071534028505,124.81511756708589,1.1372040189793682,0.9111108022376707
Cataluña,2008,86.4105,68.407,90.15625,21639.989999999998,71.53491666666667,162.19861284479444,95.55406258396584,90.57814038245836,1.697453864949659,1.8740215440307197
Cataluña,2009,76.56375,61.57225,79.32325,22242.614999999998,71.64941666666667,143.71556748538234,98.21502809109697,90.72312128908496,1.4632747175114835,1.6129016470330946
Cataluña,2010,74.52674999999999,59.289,77.71799999999999,22650.345,73.10933333333332,139.8919745844635,100.01541052830515,92.5716806072737,1.3987041981382755,1.5109417793462572
Cataluña,2011,67.40375,55.034,69.397,22874.325,75.48841666666667,126.5216003904307,101.00442202681124,95.58409683964835,1.252634269387196,1.31050489652961
Cataluña,2012,56.7445,46.320750000000004,58.496,22714.12,77.6645,106.51343513313124,100.2970169588669,98.33947268734877,1.0619800903631438,1.079912329547976
Cataluña,2013,50.2575,41.61575,51.476,22508.555,79.00633333333334,94.33687786839859,99.38931917919729,100.03851385074142,0.9491651482017979,0.948799728890378
Cataluña,2014,50.82175,43.55575,51.6805,22264.28,79.11291666666666,95.39601497902373,98.31069258844109,100.17347060443531,0.970352384540519,0.9686720233266585
Cataluña,2015,53.274499999999996,46.30575,54.09625,22646.855,78.97591666666668,100.0,100.0,100.0,1.0,1.0
Cataluña,2016,57.0145,49.9715,57.8425,22821.565000000002,79.02391666666666,107.02024420689074,100.77145369633003,100.06077802199191,1.0620095302920918,1.0613644539708431
Cataluña,2017,62.46925,54.22775,63.444500000000005,23450.1,80.75533333333334,117.25919529981512,103.54682802534833,102.25311302707259,1.1324267245647544,1.1074740817572297
Cataluña,2018,67.9505,58.8865,69.02525,23852.059999999998,82.24025,127.54788876479367,105.32173231117521,104.13332756504883,1.211031056609958,1.1629620265937097
Cataluña,2019,71.4645,62.998,72.4805,24143.800000000003,82.94508333333334,134.14391500624126,106.60994650250555,105.02579372825682,1.258268289282826,1.198056443675601
Cataluña,2020,72.92875,68.399,73.45775,25142.065000000002,82.59933333333333,136.89241569606472,111.01790955079636,104.58800203859614,1.2330660543867424,1.178974672383266
Cataluña,2021,75.449,71.054,75.99975,26053.690000000002,85.01225,141.62310298548087,115.04330292219385,107.64325833508315,1.2310416981096544,1.143631024506467
Cataluña,2022,80.818,76.44800000000001,81.35775,26773.455,91.81158333333333,151.70109527072051,118.22151464298246,116.25263397807979,1.2831936363600411,1.103797473184131
Cataluña,2023,83.64574999999999,82.74875,83.75399999999999,27902.4,94.92133333333334,157.0089817830294,123.20651145600571,120.1902267674428,1.274356200232922,1.0602827155810979
Cataluña,2024,89.81675,90.699,89.721,29431.489999999998,97.61441666666667,168.5923847243991,129.95839819701234,123.60023256034802,1.2972796453586555,1.0495770262610602
Comunitat Valenciana,2008,86.74725000000001,70.51124999999999,92.7485,18328.67,73.17475,145.20676927712356,94.14910488935392,92.80443467416349,1.5423064239195232,1.66188871182133
Comunitat Valenciana,2009,82.02275,68.27125,85.3235,18959.515,73.00125,137.29839890861308,97.38957416911751,92.58439197615675,1.40978539109529,1.5227030831053596
Comunitat Valenciana,2010,79.46675,65.45925,83.91575,19095.440000000002,74.18350000000001,133.01989437651176,98.08778179040621,94.08378955378471,1.3561311301824361,1.441407852101003
Comunitat Valenciana,2011,73.57275000000001,61.59975,76.4105,19726.955,76.47966666666667,123.15389057674443,101.33169266742021,96.99592043797165,1.2153541240147507,1.2529950935327872
Comunitat Valenciana,2012,63.59025,54.26125,65.10825,19649.025,78.35075,106.44412082255757,100.93138867678549,99.36893614322857,1.054618609909605,1.061316192808482
Comunitat Valenciana,2013,57.85325,49.66575,59.14175,19371.65,79.351,96.84092031369005,99.50659309867291,100.6375108330339,0.9732110938383799,0.9670460703792834
Comunitat Valenciana,2014,58.34225,49.67625,59.9475,19248.14,79.15350000000001,97.65946049999582,98.87215776076326,100.3870299520176,0.9877346940915182,0.9839266034303732
Comunitat Valenciana,2015,59.7405,51.84275,61.20725,19467.705,78.84833333333333,100.0,100.0,100.0,1.0,1.0
Comunitat Valenciana,2016,61.30075,55.02275,62.4915,19588.65,78.489,102.61171232246132,100.62125967082407,99.54427275993997,1.0197816312193753,1.0244503304360575
Comunitat Valenciana,2017,62.9575,56.7905,64.14025000000001,19836.625,79.98466666666667,105.38495660397888,101.89503590690325,101.44116341499505,1.0342501542495575,1.019556676433656
Comunitat Valenciana,2018,65.521,60.086999999999996,66.57975,20504.225,81.37033333333333,109.6760154334162,105.32430504777012,103.19854573125622,1.0413172475590733,1.009042559834915
Comunitat Valenciana,2019,68.28725,64.25075000000001,69.1,20347.835,81.80216666666666,114.30645876750279,104.52097460897419,103.74622164915768,1.0936222054485936,1.054132081211531
Comunitat Valenciana,2020,69.78525,67.69225,70.242,20982.395,81.473,116.81397042207549,107.78052677498451,103.32875351413051,1.0838133187635117,1.0488980868382363
Comunitat Valenciana,2021,72.8035,70.386,73.33525,21645.46,84.15816666666666,121.86623814665094,111.18650092550712,106.73423661459765,1.096052462594349,1.0268986759628411
Comunitat Valenciana,2022,78.04225,76.08425,78.4735,22639.57,91.27858333333333,130.63541483583163,116.29295800403796,115.76475934811559,1.1233303983143645,0.970356095101795
Comunitat Valenciana,2023,81.19975,82.896,80.904,23621.555,94.49908333333333,135.92077401427844,121.33713244576082,119.84918303071296,1.1201910847451144,0.9346672679930161
Comunitat Valenciana,2024,88.55525,91.52275,88.04525,24734.705,97.10208333333334,148.23319188825002,127.05506375815743,123.15045762962652,1.1666846444656784,0.9473652529773524
Extremadura,2008,98.2615,76.47399999999999,106.202,16896.885000000002,73.76266666666666,137.7846954192827,92.83717094419073,93.58062568785806,1.4841543965413626,1.5859633184029132
Extremadura,2009,97.887,77.577,104.02825,17699.95,73.41866666666667,137.25956229558196,97.24948023577296,93.14420253924689,1.4114169244175703,1.515303031149857
Extremadura,2010,99.305,79.419,104.00450000000001,17801.504999999997,74.68833333333333,139.247916820035,97.80745757273401,94.75499301701817,1.4236942690845837,1.5025005266254263
Extremadura,2011,93.25399999999999,76.41375,94.2135,18342.455,77.10333333333334,130.76305558768988,100.77961886886997,97.81883576090186,1.2975148850069878,1.326446869781294
Extremadura,2012,85.62525,70.77875,85.47775,18182.965,78.91258333333333,120.06583444634916,99.90332715037339,100.11418047492732,1.2018201782772198,1.2004494993376134
Extremadura,2013,72.99575,58.77875,74.022,17882.84,79.94808333333333,102.35643848966386,98.25433942691872,101.42789027256359,1.0417498004329495,1.0270841655421326
Extremadura,2014,69.97874999999999,55.152,71.59575000000001,17763.09,79.50341666666667,98.12592678284099,97.59639263846826,100.86375414829294,1.0054257552974761,0.996815718180853
Extremadura,2015,71.31524999999999,57.76975,72.58924999999999,18200.56,78.82258333333334,100.00000000000001,100.0,100.0,1.0000000000000002,1.0000000000000002
Extremadura,2016,72.33475,62.084999999999994,72.97475,18087.725,78.62625,101.42956800964733,99.38004654801829,99.75091740839923,1.0206230680384996,1.0231716104022126
Extremadura,2017,72.63425,63.369,73.13125,18419.36,79.94274999999999,101.84953428614497,101.20216081263433,101.42112402219752,1.006396834497528,0.99229509059401
Extremadura,2018,73.9805,68.511,74.28225,18603.754999999997,81.18466666666667,103.7372791934404,102.21528898011927,102.99670885353287,1.0148900446157048,0.9853616255437206
Extremadura,2019,75.4265,75.441,75.38374999999999,18525.505,81.63825,105.76489600751594,101.78535715384582,103.57215730263427,1.039097361005033,1.0032593585637366
Extremadura,2020,75.814,75.5595,75.82425,18985.675,81.49391666666666,106.30825805139855,104.31368595252013,103.38904565210265,1.0191209051877075,0.9857145878074767
Extremadura,2021,77.5705,77.24325,77.5895,19769.71,84.22641666666667,108.77126561289487,108.62143802168723,106.85569173809112,1.001379355622025,0.9371324440783725
Extremadura,2022,81.736,83.061,81.6435,20391.22,91.76024999999998,114.61223230655438,112.03622306126843,116.41365471612934,1.022992646261176,0.8787565760697987
Extremadura,2023,82.98525000000001,85.12950000000001,82.8435,21801.15,94.67575000000001,116.36396142480046,119.78285283529738,120.11246776780342,0.9714575890490944,0.8087899675220036
Extremadura,2024,89.042,89.14375,89.0445,22942.04,97.31983333333334,124.85688544876447,126.05128633404685,123.46694210944197,0.9905244847552201,0.8022588620338651
Galicia,2008,87.51475,69.04075,96.7685,17653.559999999998,72.433,140.4393003289738,92.36767793673906,92.58230404458287,1.5204377057649767,1.6422552035784421
Galicia,2009,86.44325,69.43175000000001,92.50975,18187.905,72.01008333333333,138.7198106394929,95.16349967847879,92.04174104955497,1.4576997599728287,1.5837377078601849
Galicia,2010,84.75525,67.792,91.53025,18729.155,73.3595,136.01099253791222,97.99545004334911,93.76653643447843,1.3879317098676174,1.480199400174568
Galicia,2011,80.4505,65.13625,84.85225,18422.085,75.83816666666667,129.10294471636044,96.38878584281197,96.93471490228325,1.3393979765125144,1.3817526340926656
Galicia,2012,70.0325,57.1485,72.736,18010.825,77.63566666666667,112.3846585894247,94.23697446718784,99.2322407747466,1.1925749868864441,1.2018019320893336
Galicia,2013,62.21175,50.85025,64.3735,18505.89,78.78758333333334,99.8343095562866,96.82727378799065,100.70459590386393,1.0310556690347394,1.0238417221980818
Galicia,2014,61.47675,50.6975,63.801,18787.684999999998,78.79708333333333,98.6548182620557,98.3016931008195,100.71673859971284,1.0035922591981608,0.9964503151624313
Galicia,2015,62.315,52.12275,64.4705,19112.27,78.23633333333333,100.0,100.0,100.0,1.0,1.0
Galicia,2016,63.5345,54.884,65.09825000000001,19614.18,77.99858333333333,101.95699269838724,102.62611400948187,99.69611305914984,0.9934800092788001,0.9965082677690423
Galicia,2017,64.631,56.75125,66.04124999999999,20067.57,79.648,103.71660113937256,104.99835969249074,101.80436199719651,0.9877925849806409,0.9702851288512007
Galicia,2018,67.09625,60.93875,68.17,20422.295,80.9675,107.67271122522668,106.85436633115792,103.49091854168353,1.007658506827251,0.9736685315256832
Galicia,2019,69.7915,65.1945,70.56925000000001,20495.445,81.42375,111.99791382492178,107.23710474998522,104.07408748705845,1.0443951660764808,1.003511240207944
Galicia,2020,71.36025000000001,68.78625,71.851,21112.059999999998,81.14741666666666,114.51536548182621,110.46338294718522,103.7208841586816,1.0366816806305699,0.9994917504217959
Galicia,2021,74.64099999999999,71.02924999999999,75.282,21593.25,83.99241666666666,119.78014924175561,112.98108492607103,107.3573020208002,1.0601787840870314,0.9875236841194318
Galicia,2022,79.56675,76.434,80.106,22333.614999999998,91.58433333333332,127.68474685067801,116.8548529295578,117.06112675696285,1.0926781699656811,0.933425296882928
Galicia,2023,82.4465,83.6695,82.241,23527.11,94.87691666666667,132.30602583647598,123.09950623343016,121.2696360173662,1.0747892488340915,0.8862805926787628
Galicia,2024,88.58375,90.5935,88.2945,24575.205,97.67291666666667,142.15477814330418,128.58339171642092,124.84342313247467,1.1055454071145807,0.8855455733070192
"Madrid, Comunidad de",2008,74.9315,63.32575,79.836,22769.6,73.98866666666666,149.4587141781481,95.35842961130182,92.49508284161749,1.5673361525286105,1.6945075396196077
"Madrid, Comunidad de",2009,67.17175,56.069,72.41275,23286.535,73.9405,133.98108117542048,97.52333851664572,92.43486848684867,1.3738360808121022,1.4862747178653335
"Madrid, Comunidad de",2010,67.436,56.83775,72.2395,23654.1,75.30525,134.50815543953607,99.06269016006844,94.14097659765976,1.3578084263832708,1.4423139375176448
"Madrid, Comunidad de",2011,61.579750000000004,53.7375,64.52825,23445.445,77.63641666666666,122.82725228257563,98.18884902405613,97.05522635596891,1.250928730740933,1.2888834302986514
"Madrid, Comunidad de",2012,52.133,46.278,54.2025,23731.434999999998,79.48075,103.98472132880559,99.38656691477603,99.36087358735874,1.0462653511110056,1.0529953223399573
"Madrid, Comunidad de",2013,46.22625,41.26175,47.85575,23744.625,80.50641666666667,92.2030906398193,99.44180625523758,100.64308514184752,0.9272065151668841,0.9212818882291501
"Madrid, Comunidad de",2014,47.414249999999996,43.01975,48.67975,24074.864999999998,80.36633333333333,94.57268089817045,100.82484187267646,100.46796346301296,0.9379898757252567,0.9336208711651405
"Madrid, Comunidad de",2015,50.13525,45.96525,51.356,23877.91,79.992,100.0,100.0,100.0,1.0,1.0
"Madrid, Comunidad de",2016,54.43025,50.109,55.716,23747.57,79.78158333333334,108.56682673368539,99.45413983049605,99.73695286195287,1.0916270244629382,1.0945060914121494
"Madrid, Comunidad de",2017,60.6655,54.7395,62.29875,24348.6,81.21216666666666,121.00368503198847,101.97123617603047,101.52536086942025,1.1866452694866103,1.1688165984584364
"Madrid, Comunidad de",2018,66.84275,58.21625,69.0955,24244.405,82.58075,133.3248562638064,101.53487051421166,103.2362611261126,1.3130942659265532,1.271931249352868
"Madrid, Comunidad de",2019,70.762,62.6185,72.907,25040.25,83.373,141.14221032108148,104.86784647400044,104.22667266726673,1.3459054902598235,1.291325392835376
"Madrid, Comunidad de",2020,71.974,66.5655,73.4055,26030.050000000003,83.07841666666667,143.55967108970236,109.01310039278984,103.85840667400072,1.3169029279273434,1.2679791363071322
"Madrid, Comunidad de",2021,73.80225,70.086,74.835,26801.595,85.35058333333333,147.20630693972805,112.24430865180412,106.69889905657233,1.3114812564473128,1.2291422573647723
"Madrid, Comunidad de",2022,78.829,75.28,79.79825,28217.1,91.79141666666666,157.23268558549125,118.17240286105442,114.75074590792411,1.330536417799369,1.159501323736048
"Madrid, Comunidad de",2023,81.9285,81.44325,82.0685,29159.84,94.58766666666666,163.41496252636617,122.12057085398177,118.24640797413073,1.3381444369577968,1.1316575783431395
"Madrid, Comunidad de",2024,88.214,89.155,87.99549999999999,31223.88,97.13691666666668,175.9520497055465,130.76471098182378,121.43328916224957,1.3455621809924219,1.108066980870944
"Murcia, Región de",2008,85.36825,68.82975,93.56450000000001,17616.855,74.27883333333332,140.30330920117348,91.28280154545226,93.0986473035373,1.537018001483144,1.6509563199902095
"Murcia, Región de",2009,84.50325,69.532,89.833,18837.09,73.82533333333333,138.8816757196506,97.60552312906152,92.53024531527927,1.4228874685299373,1.5377539135249432
"Murcia, Región de",2010,83.6285,68.61225,89.60525,19149.83,75.09608333333333,137.44401804570592,99.22600438722735,94.12296158116439,1.3851612679004346,1.4716507477359584
"Murcia, Región de",2011,79.4015,65.9165,82.87275,19430.685,77.43683333333334,130.496914315767,100.68127158605755,97.0567806638877,1.2961389170003128,1.3354439619101979
"Murcia, Región de",2012,70.5355,59.391,71.717,19166.254999999997,79.23125,115.92558200688629,99.31111151987865,99.30584351084842,1.1672971959807539,1.1754567049755087
"Murcia, Región de",2013,59.7385,49.3955,61.139250000000004,18925.775,80.55583333333333,98.18063784503373,98.06504982977278,100.96603270661495,1.0011786871618542,0.9915995115615357
"Murcia, Región de",2014,59.85075,48.585,61.802499999999995,19088.254999999997,80.27833333333334,98.36512149624869,98.9069497940459,100.61822333122001,0.9945218379605735,0.9884112490107857
"Murcia, Región de",2015,60.8455,50.30725,62.60825,19299.205,79.78508333333333,100.0,100.0,100.0,1.0,1.0
"Murcia, Región de",2016,61.6955,53.39825,62.96425,19397.15,79.61833333333334,101.39698087779703,100.5075079517524,99.7910010329834,1.008849815741841,1.0109627173780842
"Murcia, Región de",2017,62.43475,54.7125,63.6045,19656.745000000003,80.84758333333333,102.61194336475171,101.85261517249027,101.3317025634491,1.00745516637914,0.9942151773758261
"Murcia, Región de",2018,64.5815,57.92275,65.55175,20076.04,81.97933333333333,106.14014183464677,104.02521761906773,102.75020079985711,1.0203308799922315,0.9930208136329506
"Murcia, Región de",2019,67.522,63.018,68.16725,20321.945,82.31275,110.97287391836701,105.29938927536134,103.16809428663043,1.0538795588659051,1.0215169390818897
"Murcia, Región de",2020,69.59375,67.36449999999999,69.9075,21148.57,82.10166666666666,114.37780936963293,109.58259679608564,102.90352937735854,1.0437588879415802,1.014308152749554
"Murcia, Región de",2021,73.214,71.86275,73.39875,21415.915,84.55758333333333,120.32771527886203,110.96786111137737,105.98169457323372,1.0843474324344258,1.023145965726315
"Murcia, Región de",2022,78.80375000000001,77.45775,78.98575,21877.605,92.00825,129.51450805729266,113.3601358190661,115.32011518443821,1.1425048772348907,0.9907247104354828
"Murcia, Región de",2023,80.62325,81.8365,80.4525,23242.82,95.444,132.50486888923584,120.43408005666554,119.62637126196314,1.1002273511525216,0.9197197403432015
"Murcia, Región de",2024,87.47575,89.33525,87.21725,24010.905,98.00441666666667,143.7670000246526,124.41395902059176,122.83551332172577,1.155553614372626,0.9407325154786849
Nacional,2008,81.89675,65.94,88.988,20063.91,72.96241666666667,147.33606188719978,94.25696554066576,92.4924230179682,1.5631318178138658,1.6900106698580069
Nacional,2009,76.41975,63.21275,80.98075,20657.375,72.75233333333333,137.48268417738598,97.04496698478066,92.2261062288127,1.4166905141917052,1.5361057428543066
Nacional,2010,74.898,61.53125,80.013,20903.645,74.06174999999999,134.74498515786632,98.20190314048011,93.88601725935621,1.372121932964074,1.4614763444205372
Nacional,2011,69.38625,58.3515,72.45175,21101.43,76.42883333333333,124.82909058199155,99.1310647011859,96.88670285870631,1.2592328243247268,1.2996962298955672
Nacional,2012,59.853,51.18075,61.698750000000004,20883.71,78.29825,107.67833048484303,98.10825177302215,99.25651028874402,1.0975461140002951,1.105767380706271
Nacional,2013,53.509,45.85025,54.970749999999995,20863.760000000002,79.40125,96.26517945488891,98.0145299380191,100.65475266131921,0.9821521310744804,0.9757632949327324
Nacional,2014,53.668499999999995,46.247749999999996,55.02125,21060.975,79.28141666666667,96.55212737249258,98.9410137320105,100.50284328297508,0.9758554489244631,0.9709729765324664
Nacional,2015,55.585,48.43825,56.876999999999995,21286.395,78.88475,100.0,100.0,100.0,1.0,1.0
Nacional,2016,58.1775,51.59775,59.360749999999996,21294.48,78.72483333333334,104.66402806512548,100.03798200681702,99.79727809663255,1.0462428966029444,1.0483681685084432
Nacional,2017,61.7755,54.6595,63.07125,21738.309999999998,80.2645,111.13699739138256,102.12302271004555,101.74907063786094,1.0882658429229037,1.0695585090857418
Nacional,2018,65.92099999999999,58.14675,67.33375000000001,22043.78,81.60925,118.59494467931995,103.55807077713253,103.45377275075347,1.145202337097881,1.1069701052439775
Nacional,2019,69.257,62.4025,70.52375,22373.5,82.17991666666667,124.59656382117478,105.10704137548889,104.17719098642853,1.1854254690326662,1.137893484944411
Nacional,2020,70.72149999999999,66.45675,71.51675,23042.815,81.91483333333333,127.23126742826301,108.25137370606906,103.84115222946558,1.1753316662172746,1.1318553781260594
Nacional,2021,73.33225,69.524,74.07900000000001,23767.754999999997,84.4485,131.9281280921112,111.65702318311766,107.05301087979615,1.1815479611680932,1.1037036244546055
Nacional,2022,78.75,75.03200000000001,79.4725,24665.989999999998,91.53408333333334,141.67491229648286,115.87678420888084,116.03520748095588,1.222634139044608,1.0536751435940435
Nacional,2023,81.86625,81.05324999999999,82.0115,25699.47,94.7675,147.28119096878655,120.73190411058332,120.13411971261874,1.2199028256349345,1.0154507550004526
Nacional,2024,88.749,89.85075,88.5665,27018.714999999997,97.39641666666667,159.66357830349915,126.92950121427322,123.46672413447044,1.25789179643877,1.0188103760400828
"Navarra, Comunidad Foral de",2008,109.81475,92.334,123.4505,22356.14,73.27916666666667,179.10808650835074,94.55392111251153,93.4530274593657,1.894242823576048,2.0269464511459336
"Navarra, Comunidad Foral de",2009,98.8375,85.214,106.68275,22570.059999999998,72.85258333333333,161.20416884133613,95.45868261446975,92.9090051160843,1.6887323858469065,1.8176197062243165
"Navarra, Comunidad Foral de",2010,92.61625000000001,78.39275,103.439,22729.08,74.012,151.05729710334032,96.1312479381487,94.38761087151974,1.5713651943906033,1.6648002633836585
"Navarra, Comunidad Foral de",2011,85.5075,73.6265,93.17824999999999,23448.16,76.366,139.4629110125261,99.17255263536319,97.3896704833605,1.4062652145831334,1.4439572570721457
"Navarra, Comunidad Foral de",2012,73.51474999999999,64.197,78.8775,22630.57,78.33083333333333,119.90271072546975,95.7146059432071,99.89542528115082,1.2527106970133148,1.2540220870851908
"Navarra, Comunidad Foral de",2013,65.16575,56.61325,69.50375,22598.915,79.29225,106.2854742954071,95.58072306482039,101.12152134960901,1.1119969685030215,1.0996640019472186
"Navarra, Comunidad Foral de",2014,60.941,52.8115,65.2745,23479.525,78.92008333333334,99.39489822546975,99.30520897656045,100.64689666019805,1.0009031676166198,0.9944699745644896
"Navarra, Comunidad Foral de",2015,61.312,53.74,65.00425,23643.8,78.41283333333334,100.0,100.0,100.0,1.0,1.0
"Navarra, Comunidad Foral de",2016,62.33975,55.76525,65.5355,24023.29,78.4325,101.67626239561588,101.60502964836449,100.02508092850448,1.0007010750107344,1.0004501528231817
"Navarra, Comunidad Foral de",2017,63.72475,57.156,67.10625,24890.265,79.66858333333333,103.93520028705638,105.27184716500733,101.60145979505906,0.9873029027803052,0.9717408635385753
"Navarra, Comunidad Foral de",2018,65.9455,59.79825,69.081,24983.815000000002,81.02858333333333,107.55724817327766,105.6675111445707,103.33586976621598,1.0178838037182638,0.9850246637697966
"Navarra, Comunidad Foral de",2019,68.43275,63.41825,71.11449999999999,26235.975,81.97966666666667,111.6139581158664,110.96344496231569,104.54878771969724,1.0058624094968538,0.9620985871147952
"Navarra, Comunidad Foral de",2020,69.58375000000001,66.5245,71.22425,26603.925,81.50191666666667,113.49124151878915,112.5196668894171,103.9395124522559,1.008634709435524,0.9704054652929368
"Navarra, Comunidad Foral de",2021,71.54425,66.7005,74.0915,27032.73,84.25708333333333,116.68882111169103,114.33327130156744,107.45318049553963,1.0206024876513027,0.9498113345222646
"Navarra, Comunidad Foral de",2022,76.73375,71.30525,79.5825,27761.934999999998,91.68466666666667,125.15290644572025,117.41739906444818,116.9255882859311,1.0658804184295225,0.9115886728087329
"Navarra, Comunidad Foral de",2023,81.279,79.07,82.52525,29672.54,95.017,132.56621868475992,125.49818557084733,121.17531781574868,1.056319803204824,0.8717285188481991
"Navarra, Comunidad Foral de",2024,89.73575,90.69075,89.2445,30995.15,97.48475,146.35919558977037,131.09208333685785,124.32244296745642,1.1164609781483275,0.8980365503600831
País Vasco,2008,94.65825,69.23325,106.94624999999999,24345.405,71.59433333333334,157.0622054821796,92.31708618829299,91.63341599338722,1.7013340863232003,1.8566743014862375
País Vasco,2009,84.9275,65.0095,93.0115,25009.22,71.78641666666667,140.91640671666556,94.83425386605732,91.87926299229396,1.4859230812918514,1.6172562043912757
País Vasco,2010,83.5435,62.3615,93.55375000000001,25196.42,73.00083333333333,138.61999734519148,95.54411096370873,93.43359197930833,1.4508481574321688,1.5528121382226978
País Vasco,2011,77.1225,59.182,84.5365,25283.91,75.26075,127.96591889559966,95.87587056559722,96.32605391568674,1.3347041141915554,1.385610704410054
País Vasco,2012,65.46000000000001,49.953500000000005,72.13725,25254.875,77.00075000000001,108.61485365368023,95.76577066799942,98.5530757539397,1.134171979153449,1.1508235237479234
País Vasco,2013,59.988,48.07125,63.99625,25321.905,78.21366666666667,99.5354085086613,96.01994652940739,100.10548489454179,1.036611788553509,1.0355194719305836
País Vasco,2014,59.689499999999995,48.79675,62.545,26693.75,78.33991666666667,99.04012079378775,101.22194391256775,100.26707196757594,0.9784451569052597,0.9758389645821774
País Vasco,2015,60.268,49.706,62.92075,26371.505,78.13125,100.0,100.0,100.0,1.0,1.0
País Vasco,2016,61.8195,51.7475,64.25625,26209.855,78.14224999999999,102.57433463861419,99.3870277786573,100.0140788736901,1.032069646624862,1.0319243632971762
País Vasco,2017,65.02324999999999,55.377,67.298,26894.245000000003,79.69191666666666,107.89017388995819,101.9822152736448,101.99749353385062,1.0579312638037996,1.0372130011731089
País Vasco,2018,68.5535,59.26975,70.7245,26949.29,80.967,113.7477600053096,102.19094435452205,103.6294696424286,1.1130904085854663,1.074106055378033
País Vasco,2019,71.53075,63.499,73.42525,27790.105,81.742,118.68777792526714,105.3792910188478,104.62139028877691,1.126291292888268,1.07654017001635
País Vasco,2020,73.143,67.89325,74.3065,28506.555,81.62950000000001,121.36291232494855,108.09604912575143,104.47740180785539,1.1227321748250334,1.0746172429611645
País Vasco,2021,74.66125,69.96549999999999,75.74625,29473.84,84.152,123.88207672396628,111.7639664478762,107.70594352451806,1.1084259145521795,1.0291223290754226
País Vasco,2022,79.4125,74.656,80.48475,30585.379999999997,90.92558333333332,131.76561359261962,115.97889464404855,116.37543663173614,1.1361171702577626,0.9762516929177631
País Vasco,2023,82.15549999999999,79.23525000000001,82.7885,31847.86,94.21825,136.31695095241255,120.76618304491913,120.58971282297418,1.1287675698229966,0.9360396864697975
País Vasco,2024,89.1345,89.99875,88.9085,33541.205,97.10158333333334,147.89689387402933,127.187299321749,124.2800842599259,1.162827535946736,0.9356507463534844
"Rioja, La",2008,102.49,86.545,103.83625,19250.53,73.05441666666667,170.41548022364017,94.15078089197706,92.4785300537052,1.8100272627495744,1.9572405202574419
"Rioja, La",2009,96.902,82.62175,96.843,19871.415,72.707,161.12402053499054,97.18741456357547,92.03874031729421,1.6578691928221911,1.8012732324528296
"Rioja, La",2010,93.23225,78.15725,96.838,19834.095,73.92275000000001,155.02213538960365,97.00488934775603,93.57774066857746,1.598085791674476,1.707762743849936
"Rioja, La",2011,82.94024999999999,70.14525,84.90975,19806.12,76.48025000000001,137.9090890195997,96.86806879811645,96.8152429498087,1.4236795543742817,1.4705117820262565
"Rioja, La",2012,70.86575,60.62125,71.35075,19121.65,78.43058333333333,117.83218672708,93.52045265470994,99.28414172432599,1.2599616809184215,1.2690462535465656
"Rioja, La",2013,61.1775,52.25275,61.57225,19196.775,79.43225000000001,101.72302704050881,93.88787513162407,100.55213707852606,1.0834522231747221,1.0775029299761192
"Rioja, La",2014,59.83025,50.35025,60.9865,20501.695,79.30666666666667,99.48288404381353,100.26999744210376,100.39316295217169,0.9921500606525425,0.9882645704919296
"Rioja, La",2015,60.14125,51.018,61.219,20446.489999999998,78.99608333333333,100.0,100.0,100.0,1.0,1.0
"Rioja, La",2016,61.31975,54.101749999999996,61.91175,20753.38,78.71741666666667,101.95955355101532,101.50094221550987,99.64723989480491,1.0045182963378971,1.0080743805832875
"Rioja, La",2017,62.56875,55.19325,63.20275,20886.845,80.2365,104.0363311371147,102.15369483955439,101.5702255280589,1.0184294488859873,1.0026850325390337
"Rioja, La",2018,65.648,59.266000000000005,66.1795,21318.504999999997,81.46558333333334,109.15636106665559,104.2648640426792,103.12610435327491,1.0469141457085114,1.0151786032003498
"Rioja, La",2019,69.1695,64.10925,69.563,21410.565000000002,82.20366666666666,115.01174318791178,104.7151124716272,104.0604333759163,1.0983299399031299,1.055473155618557
"Rioja, La",2020,70.4735,67.825,70.6,21862.495000000003,81.73525000000001,117.17997214889947,106.92541849481259,103.46747148856537,1.095903797230257,1.0591771321592314
"Rioja, La",2021,72.96975,71.549,72.95325,22323.545,84.38283333333334,121.33061750462454,109.1803287508027,106.81900895930497,1.1112864276270327,1.040345195535751
"Rioja, La",2022,78.18725,76.6275,78.1825,23472.485,91.91199999999999,130.00602747698127,114.79958173750117,116.35007220822129,1.1324608113490422,0.9733219669364525
"Rioja, La",2023,80.38475,81.3815,80.0565,24737.7,95.11574999999999,133.6599255918359,120.98751423838519,120.40565302288194,1.1047414804182347,0.9175162898774273
"Rioja, La",2024,87.79525000000001,89.715,87.27575,26178.34,97.69733333333333,145.98175129382912,128.03341796073556,123.67364204765425,1.1401847550347974,0.9219302805002366
